episode,reward_obtained
0,-7.63999
1,-2.96
2,-1.36
3,-5
4,-21.4001
5,-14.6
6,-15.76
7,-18.76
8,-21.5201
9,-12.44
10,-21.6001
11,-23.0802
12,-14.76
13,-11.8
14,-0.759999
15,-5.16
16,-5.4
17,-7.08
18,-4.48
19,-4.8
20,-1.92
21,-0.799999
22,-0.4
23,-3.04
24,-9.83999
25,-4.24
26,-9.71999
27,-3.08
28,-4.04
29,-24.7202
30,-9.79999
31,-1.96
32,-7.47999
33,-12.08
34,-27.4402
35,-3.88
36,-10.6
37,-3.88
38,-5.4
39,-7
40,-7.04
41,-1.48
42,-14.2
43,-2.64
44,-4.32
45,-14
46,-25.1602
47,-3.68
48,-5.48
49,0.56
50,-4.08
51,-3.72
52,-3.24
53,-11.24
54,-2.24
55,-2.36
56,-1.28
57,-8.35999
58,-19
59,-1.96
60,-2.48
61,-5.52
62,-0.799999
63,-2.76
64,-6.84
65,-7.64
66,-2.68
67,-11.16
68,-3.68
69,-17.68
70,-1.52
71,-1.84
72,-6.68
73,-8.83999
74,-3.92
75,-1.19209e-07
76,-2.36
77,-2.16
78,-1.48
79,-2.76
80,-2.2
81,-2.12
82,-1.64
83,-4
84,0.44
85,-1.52
86,-2.52
87,-1.32
88,-0.679999
89,-1.88
90,-1.24
91,-2.24
92,-1.16
93,0.44
94,-3.64
95,-1.8
96,-1.48
97,-0.839999
98,-1.2
99,-2.84
100,-1.68
101,-1.44
102,-0.2
103,-1.52
104,-1.84
105,-1.8
106,-2.88
107,-1.32
108,-4.52
109,-2.04
110,-1.16
111,-2.16
112,-1.2
113,-2.08
114,-2.72
115,-1.16
116,-1.24
117,-1.72
118,-2.04
119,0.48
120,-3.2
121,0.64
122,0.56
123,-0.24
124,-3.36
125,-1.12
126,-1.36
127,0.0799999
128,-1.16
129,-2.24
130,-1.32
131,-1.84
132,0.64
133,-5.24
134,-1.12
135,-0.0400001
136,-1.4
137,-2.64
138,-2.76
139,-4.2
140,-1.2
141,-3.68
142,-1.16
143,-2.84
144,-0.44
145,-0.2
146,-1.28
147,-1.6
148,-1.48
149,-2.6
150,-5.8
151,-1.84
152,-1.4
153,-6.95999
154,-3.92
155,-1.6
156,-0.16
157,-5.28
158,-1.88
159,0.64
160,-1.28
161,-0.52
162,-5.6
163,-2.4
164,-4.4
165,-0.719999
166,-0.959999
167,-2.6
168,-4.72
169,-3.2
170,0.2
171,-0.2
172,-1.44
173,-0.6
174,-1.6
175,-1.12
176,-3.52
177,-0.839999
178,-1.92
179,-4.28
180,-2.36
181,-4.88
182,-4.76
183,-0.839999
184,-0.64
185,-1.4
186,-1.96
187,-2.24
188,0.28
189,0.0799999
190,-1.72
191,-3.68
192,-3.2
193,-3.88
194,0.84
195,-1.6
196,-0.2
197,-4.24
198,-1.64
199,-1.92
200,0.32
201,-6.56
202,-11.28
203,0.12
204,-2.2
205,-1.72
206,-1.44
207,-3.24
208,-0.719999
209,-5.92
210,-4.88
211,-4
212,-0.44
213,-4.96
214,-1.12
215,-0.799999
216,-2.16
217,-2
218,-3.04
219,-3.52
220,-1.24
221,-1.44
222,-1.8
223,-2
224,-0.879999
225,-4.48
226,-2
227,-2.88
228,-6.27999
229,-3.12
230,-2.4
231,-3.24
232,-1.4
233,-3.28
234,0.24
235,-1.24
236,-1.96
237,-0.44
238,-6.59999
239,-2.2
240,-2.96
241,-2.52
242,-2.2
243,-2.08
244,-5.4
245,0.72
246,-1.24
247,-3.12
248,-0.0400001
249,-4.8
250,-0.679999
251,-3.36
252,-2.76
253,-3.88
254,-2.36
255,-1.08
256,-4.76
257,-0.24
258,-1.92
259,-7.32
260,-2.32
261,-0.64
262,-1.24
263,-0.16
264,-1.32
265,-5.96
266,-4.56
267,-2.48
268,-1.64
269,-1.96
270,-3.84
271,-2.48
272,-1.68
273,-0.759999
274,-4.32
275,-1.84
276,-3
277,-1.52
278,-4.2
279,-5.12
280,-2.08
281,-1.64
282,-8.39999
283,-3.12
284,-1.24
285,-2
286,-3.2
287,-1.92
288,-3.16
289,-0.0400001
290,-0.959999
291,-4.88
292,0.44
293,-8.07999
294,-10.96
295,-1.12
296,-6.55999
297,-3.4
298,-7.79999
299,-3.04
300,-8.91999
301,-3.64
302,0.32
303,-2.64
304,-2.08
305,-2.4
306,-5.6
307,-9.87999
308,-4.44
309,-3.32
310,-2.4
311,-1.72
312,-5.08
313,-2.56
314,-1.4
315,-8.51999
316,-2.4
317,-3.04
318,-7
319,-2.4
320,-2.12
321,-0.2
322,-2.56
323,-22.6801
324,-2.56
325,-2.6
326,-8.63999
327,-2.8
328,-3.28
329,-4.64
330,-1.32
331,-0.919999
332,-0.759999
333,-3.12
334,-1.44
335,-1.92
336,-9.47999
337,-1.4
338,-4.44
339,-4.92
340,-8.83999
341,-1.24
342,-3.68
343,-1.32
344,0.72
345,-13.48
346,-5.88
347,-14.6
348,-8.79999
349,-1.28
350,-1.52
351,-1.72
352,-4.48
353,-12.16
354,-11.28
355,-15.64
356,-2.36
357,-3.64
358,-2.76
359,-2.68
360,-2.92
361,-0.12
362,-7.56
363,-0.0400001
364,-2.88
365,-2
366,-1.2
367,-2.52
368,-7.28
369,-5.12
370,-0.6
371,-1.36
372,-1.76
373,-1.56
374,-10.16
375,-2.72
376,-2.24
377,-3.8
378,0.36
379,-2.16
380,-1.64
381,-5
382,-2.12
383,-1.8
384,-7.47999
385,-8.83999
386,-4.64
387,-20.4801
388,-2.6
389,-13.68
390,-6.27999
391,-5.32
392,-14.92
393,-7.99999
394,-13.88
395,-1.72
396,-2.32
397,-4.24
398,-1.52
399,-1.72
400,-6.04
401,-1.24
402,-6.64
403,-3.28
404,-2.52
405,-2.04
406,-2.12
407,0.12
408,-4.4
409,-12.64
410,-6.44
411,-5.64
412,-17.8401
413,-27.2803
414,-3.08
415,-4.88
416,-9.99999
417,-10.92
418,-4.8
419,-16.48
420,-1.6
421,-6.28
422,-1.36
423,-7.75999
424,-20.5601
425,-7.91999
426,-2.96
427,-11.88
428,-11.84
429,-3.28
430,-8.75999
431,-4.04
432,-6.99999
433,-1.6
434,-2.8
435,-2.64
436,-1.32
437,-10.16
438,-4
439,-2.88
440,-6.24
441,-4.12
442,-2.72
443,-4.48
444,-0.679999
445,-7.75999
446,-8.95999
447,-28.5603
448,-2.52
449,-8.11999
450,-2.12
451,-15
452,-2.28
453,-3.8
454,-2.16
455,-1.32
456,-22.8801
457,-3.48
458,-3.56
459,-0.24
460,-17.32
461,-3.6
462,0.0799999
463,-3.28
464,-4
465,-1.32
466,-14.92
467,-2.32
468,-0.16
469,-2.32
470,-8.04
471,-10.44
472,-17.56
473,-1.4
474,-7.79999
475,-4.88
476,-9.39999
477,-2.08
478,-18.36
479,-1.52
480,-14.8
481,-23.8401
482,-109.362
483,-5.08
484,-24.4002
485,-9.67999
486,-11.96
487,-7.72
488,-6.6
489,-2.36
490,-1.88
491,-4.52
492,-3.88
493,-12.08
494,-5.36
495,-10.6
496,-4.16
497,-1.8
498,-18.24
499,-14.16
500,-5.76
501,-1.2
502,-1.96
503,-34.8004
504,-3.96
505,-3.64
506,-28.7203
507,-2.72
508,-5.91999
509,-9.95999
510,-7.28
511,-3.24
512,-2.52
513,-9.95999
514,-9.91999
515,-10.88
516,-2.44
517,-2.04
518,-6.36
519,-4.96
520,-8.04
521,-1.84
522,0.28
523,-3.96
524,-3.84
525,-1.84
526,-2.2
527,-11.48
528,-4.8
529,-6
530,-13.72
531,-7.87999
532,-9.19999
533,-2.04
534,-7.32
535,-9.39999
536,-2.84
537,-9.39999
538,-1.8
539,-6.68
540,-1.52
541,-0.48
542,-8.15999
543,-5.08
544,-1.68
545,-2.44
546,-2.48
547,-1.48
548,0.16
549,-1.36
550,-3.96
551,-6.72
552,-11
553,-5.56
554,-2.76
555,-1.28
556,-16.6
557,-1.2
558,-3.08
559,-4.76
560,-0.6
561,-1.28
562,-1.12
563,-10.44
564,-4.6
565,-4.04
566,-0.719999
567,-1.44
568,-11.36
569,-3.32
570,-6.08
571,-1.92
572,-10.88
573,-1.36
574,-1.2
575,-6.36
576,-0.799999
577,-5.72
578,-5.92
579,-4.52
580,-22.0401
581,-2.4
582,-3.48
583,-15.12
584,-2.52
585,-4.44
586,0.16
587,-6.32
588,-9.35999
589,-3.08
590,0.16
591,-5.76
592,-2.04
593,-14.04
594,-1.28
595,-5.48
596,-4.32
597,-2.12
598,-7.55999
599,-4.56
600,-9.03999
601,-12.4
602,-4.2
603,-3.6
604,0.36
605,-12.84
606,-0.48
607,-3.28
608,-3.96
609,-4.68
610,-20.6401
611,-0.56
612,-4.48
613,-1.52
614,-6.72
615,-2.68
616,-7.16
617,-2.64
618,-2.04
619,-10.08
620,-18.2401
621,-1.68
622,-1.72
623,-2.76
624,-4.76
625,-4
626,-12.48
627,-2.36
628,-1.56
629,-6.19999
630,-8.79999
631,-5.76
632,-0.48
633,-3.56
634,-6.64
635,0.76
636,-18.0401
637,-5.44
638,-8.11999
639,-13.92
640,-2.44
641,-13.92
642,0.6
643,-1.52
644,-16.32
645,-8.71999
646,-2.24
647,-8.27999
648,-3.12
649,-1.76
650,-4.68
651,-0.6
652,-2.28
653,-11.32
654,-6.83999
655,-2.92
656,-3.48
657,-1.12
658,-4.84
659,-1.2
660,-4.72
661,-3.48
662,-3.72
663,-1.4
664,-1.64
665,-4.28
666,-3
667,-23.1201
668,-2.52
669,-3.92
670,-1.2
671,-7.6
672,0.64
673,-10.08
674,-9.15999
675,-2.16
676,-3
677,-5.04
678,-1.84
679,0.16
680,-3
681,-9.75999
682,-5
683,-4.64
684,-2.96
685,-6.8
686,-0.64
687,-8.91999
688,-4.56
689,-1.48
690,-9.67999
691,-1.8
692,-3.56
693,-2.84
694,-2.08
695,-10.32
696,-0.28
697,-6.39999
698,-3.6
699,-5.4
700,-1.36
701,0.0799999
702,-3.4
703,-9.67999
704,-0.16
705,-2.52
706,-5.91999
707,-11.44
708,-1.52
709,-11.24
710,-0.36
711,-4.08
712,-1.92
713,-17.64
714,-1.72
715,-1.56
716,-10.16
717,-5.96
718,-4.76
719,-4.12
720,-3.76
721,-3.08
722,-10.12
723,-8.27999
724,-2.24
725,0.52
726,-8.03999
727,-1.44
728,-3.84
729,-6.52
730,-3
731,-3.08
732,-5.48
733,-1.52
734,-9.83999
735,-3.16
736,-3.64
737,-1.72
738,-4.88
739,-7.2
740,-2.2
741,-3.48
742,0.72
743,-3.6
744,-2.4
745,-6.4
746,-6.51999
747,-17.68
748,-10.04
749,-1.68
750,-7.2
751,-3.44
752,-5.72
753,-1.48
754,-9.71999
755,-5.75999
756,-1.72
757,-1.2
758,-2.96
759,-6.76
760,-1.2
761,-3.6
762,-2.84
763,-0.16
764,-6.95999
765,-3.12
766,-2.88
767,-1.72
768,-8.23999
769,-5.52
770,-1.84
771,-0.44
772,-5.08
773,0.16
774,-12.48
775,-4.6
776,-4.48
777,-2.92
778,-2.76
779,-2.88
780,-0.679999
781,-2.6
782,-0.799999
783,-5.72
784,-4.84
785,-6.39999
786,-1.04
787,-3.92
788,-7.32
789,-0.919999
790,-9.63999
791,0.16
792,-3.08
793,-7.83999
794,-7.27999
795,-2.96
796,-4.92
797,0.68
798,-4.24
799,-11.04
800,-1.08
801,-6.8
802,-4
803,-2.04
804,-2.32
805,-2.8
806,-1.56
807,-4.84
808,-1.88
809,-3.32
810,0.4
811,-8.67999
812,-1.6
813,-5.4
814,0.0799999
815,-4.76
816,-3.56
817,-10.04
818,-2.52
819,-2.88
820,-0.36
821,-1.56
822,-9.03999
823,-1.72
824,-11.52
825,-6.28
826,-0.919999
827,-6.87999
828,-3.48
829,-7.91999
830,-1.76
831,0.0799999
832,-5.28
833,-0.2
834,-4.36
835,-3.36
836,-0.679999
837,-3.12
838,-4.4
839,-2.72
840,-1.84
841,-2.96
842,-3.92
843,-6.16
844,-0.16
845,-9.27999
846,-5.83999
847,-1.2
848,-9.83999
849,-11.6
850,-6.51999
851,-5.44
852,-3.28
853,-2.8
854,-1.2
855,-3.72
856,-4.52
857,-3.4
858,-2.92
859,-2.52
860,-1.6
861,-9.55999
862,-0.64
863,-10.32
864,-2.24
865,-8.99999
866,-3.32
867,-1.52
868,-2.48
869,-4.52
870,-3.84
871,-3.08
872,-6.16
873,-4.72
874,-7
875,0.68
876,-3.16
877,-1.88
878,-2.4
879,-2.88
880,-0.64
881,-2.64
882,-9.51999
883,-6.99999
884,-2.64
885,-3
886,-0.24
887,-5.88
888,-3.32
889,-0.36
890,-2.32
891,-2.8
892,-7.72
893,-4.84
894,-1.32
895,-0.64
896,-1.72
897,-5.48
898,-1.76
899,-1.19209e-07
900,0.4
901,-8.79999
902,-0.36
903,-3.76
904,-2.16
905,-6.11999
906,-4.96
907,-8.15999
908,-1.2
909,-8.43999
910,-0.999999
911,-2.56
912,-0.6
913,-11.12
914,-4.44
915,-8.47999
916,-1.88
917,-1.84
918,-6.83999
919,-8.91999
920,-2.2
921,-2.44
922,-4.24
923,-10.28
924,-3.64
925,-3.72
926,-3.16
927,-3.32
928,-8.59999
929,0.44
930,-0.799999
931,-8.19999
932,0.6
933,-1.56
934,-3.56
935,-2.8
936,0.44
937,-10.92
938,-3.72
939,-3.56
940,-8.07999
941,-0.0400001
942,-1.52
943,-10.76
944,-8.35999
945,-1.88
946,-1.32
947,-2.44
948,-5.56
949,0.36
950,-7.79999
951,-3.44
952,-9.75999
953,-0.56
954,-1.2
955,-2.28
956,-11.24
957,-1.64
958,-1.44
959,-3.16
960,-0.719999
961,-7.56
962,-1.96
963,-1.4
964,-11.24
965,-7.48
966,-3.72
967,-4.12
968,-2.84
969,-1.56
970,-10.44
971,-8.75999
972,0.28
973,-1.12
974,-7.15999
975,-3.12
976,0.76
977,-3.68
978,-3.16
979,-2.92
980,-7.23999
981,-1.2
982,-1.12
983,-6.64
984,-1.92
985,-0.24
986,-2.4
987,-5.68
988,-3.04
989,-8.47999
990,-0.44
991,0.2
992,-0.959999
993,-4.36
994,-11.36
995,-12.24
996,-6.36
997,0.4
998,-5.36
999,-5.68
1000,-1.04
1001,-3.72
1002,-7.12
1003,-14.96
1004,-2.6
1005,-2.92
1006,-2.84
1007,-4.08
1008,-0.16
1009,-3.08
1010,-0.719999
1011,-2.64
1012,-1.6
1013,-1.36
1014,-7.32
1015,-4.92
1016,-7.99999
1017,-1.19209e-07
1018,-3.36
1019,-10.08
1020,-2.36
1021,-2.6
1022,-2.88
1023,-1.28
1024,-4
1025,-4.6
1026,-5.83999
1027,-6.99999
1028,-0.999999
1029,-2.68
1030,-3.84
1031,-1.04
1032,-4.32
1033,-4.36
1034,-4
1035,-2.12
1036,-0.2
1037,-3.84
1038,-3.36
1039,-4
1040,-10.16
1041,-0.44
1042,-2.8
1043,-11.72
1044,-2.12
1045,-3.36
1046,-4.12
1047,0.24
1048,-0.36
1049,-2.4
1050,-1.36
1051,-4.88
1052,-2.56
1053,-1.19209e-07
1054,-4.08
1055,-3.52
1056,-2
1057,-13.16
1058,-6.48
1059,-1.24
1060,-0.719999
1061,-3.52
1062,-1.88
1063,-0.12
1064,-6.52
1065,-5.6
1066,-5.4
1067,-6.4
1068,-4.92
1069,-1.96
1070,-1.76
1071,-1.36
1072,-5.4
1073,-0.4
1074,-4
1075,-1.52
1076,-4
1077,-4.12
1078,-1.92
1079,-3.88
1080,0.68
1081,-3.72
1082,-3.28
1083,-1.28
1084,-0.48
1085,-5.92
1086,0.32
1087,-2.48
1088,-5.12
1089,-4.92
1090,-2.04
1091,-3.32
1092,-2.16
1093,-4
1094,-1.56
1095,-4.6
1096,-2.88
1097,-2.88
1098,-0.16
1099,-1.8
1100,0.72
1101,-5.88
1102,-2.4
1103,-2.08
1104,-3.04
1105,-2.12
1106,-0.999999
1107,-5.28
1108,-1.12
1109,-3.64
1110,-2.44
1111,-1.08
1112,-0.959999
1113,-1.92
1114,-10.8
1115,-0.48
1116,-6.96
1117,-1.92
1118,-0.999999
1119,-4.68
1120,-2.6
1121,-1.24
1122,-2.04
1123,-0.6
1124,-1.68
1125,-2.12
1126,-3.04
1127,-2
1128,-3.72
1129,-3.84
1130,-3.28
1131,-0.2
1132,-2.52
1133,-1.6
1134,-0.52
1135,-4.04
1136,-2.4
1137,-0.64
1138,-5.84
1139,0.24
1140,-1.08
1141,-3.08
1142,-3.64
1143,-2.68
1144,-1.68
1145,-3
1146,-2.12
1147,-2.08
1148,-3.2
1149,-9.15999
1150,-2.72
1151,-0.12
1152,-1.36
1153,-1.8
1154,0.4
1155,-0.16
1156,-1.36
1157,-0.64
1158,-5.56
1159,0.72
1160,-3.56
1161,-9.39999
1162,-0.719999
1163,-1.24
1164,-3.92
1165,-0.6
1166,-2.04
1167,-2.24
1168,-8.23999
1169,-1.6
1170,-6.52
1171,-15.36
1172,-6.88
1173,-2.56
1174,0.24
1175,-1.4
1176,-2.2
1177,-1.76
1178,0.28
1179,-2.36
1180,-2.04
1181,-2.32
1182,-5.16
1183,-3.2
1184,-2.96
1185,-2.92
1186,-3.16
1187,0.12
1188,-2.84
1189,-1.04
1190,-0.999999
1191,-2.72
1192,-3.04
1193,-2
1194,0.76
1195,-2.2
1196,-5.2
1197,-6.07999
1198,-4.96
1199,-1.6
1200,-7.68
1201,-0.6
1202,-1.12
1203,-2.28
1204,0.32
1205,-3.36
1206,-1.88
1207,-5.6
1208,-5.91999
1209,-0.919999
1210,-2.68
1211,-0.719999
1212,-4.2
1213,-2.08
1214,-1.36
1215,-3.76
1216,-3.8
1217,-2.16
1218,0.32
1219,-1.64
1220,-8.47999
1221,-4.6
1222,0.32
1223,-1.48
1224,-1.76
1225,-1.28
1226,-2.92
1227,-4.08
1228,-2.88
1229,-1.6
1230,-8.2
1231,-2.56
1232,-1.68
1233,-2.72
1234,-4.16
1235,-1.12
1236,-0.999999
1237,0.64
1238,-0.0400001
1239,-1.84
1240,-1.6
1241,-1.68
1242,-3.6
1243,-3.92
1244,-2.2
1245,-6.96
1246,-1.24
1247,-1.68
1248,-2.2
1249,-5.76
1250,-3.88
1251,0.4
1252,-2.72
1253,-1.12
1254,-2.04
1255,-0.64
1256,-1.6
1257,0.32
1258,-2.16
1259,-5.08
1260,-0.24
1261,-3.04
1262,-3
1263,-7.64
1264,-2.72
1265,-2.24
1266,-0.759999
1267,-2.04
1268,-4.36
1269,-0.16
1270,-3.32
1271,-1.08
1272,-1.32
1273,-0.48
1274,-3.72
1275,0.36
1276,0.4
1277,-1.72
1278,-2.68
1279,0.44
1280,-2.08
1281,-0.44
1282,-0.44
1283,-1.96
1284,-1.2
1285,-4.56
1286,-0.28
1287,-0.16
1288,-1.2
1289,-2.04
1290,-2.32
1291,-2.92
1292,0.72
1293,-2.68
1294,-2.96
1295,0.6
1296,-0.879999
1297,-2
1298,-2.72
1299,-4.36
1300,0.68
1301,-3.12
1302,-2.16
1303,-3.32
1304,-0.56
1305,-0.08
1306,-1.24
1307,-1.76
1308,-0.32
1309,-1.88
1310,-1.96
1311,-4.84
1312,-1.64
1313,0.6
1314,-2.08
1315,-0.44
1316,-1.4
1317,-0.08
1318,-0.12
1319,-2.04
1320,-1.52
1321,-1.48
1322,0.28
1323,-0.4
1324,0.76
1325,-1.52
1326,-2.92
1327,-1.96
1328,-2.4
1329,-1.12
1330,-0.719999
1331,-5.52
1332,-1.48
1333,0.24
1334,-0.759999
1335,0.52
1336,-2.24
1337,-0.56
1338,-1.8
1339,-3.64
1340,-0.24
1341,-1.72
1342,-0.999999
1343,-4
1344,-4.64
1345,-1.64
1346,-1.68
1347,0.28
1348,-2.12
1349,-1.36
1350,0.4
1351,-0.6
1352,0.32
1353,0.0799999
1354,-0.36
1355,-1.96
1356,-0.839999
1357,-2.12
1358,-0.6
1359,-0.799999
1360,-1.96
1361,-2.76
1362,-0.56
1363,-0.799999
1364,-1.96
1365,0.28
1366,-0.28
1367,-2.36
1368,0.24
1369,-1.32
1370,-1.12
1371,-1.32
1372,-3.16
1373,-1.76
1374,-0.08
1375,-1.92
1376,-0.719999
1377,0.0399998
1378,-0.28
1379,-2.52
1380,0.32
1381,-1.12
1382,-2.72
1383,-3.84
1384,-0.999999
1385,-2.8
1386,0.36
1387,-2.32
1388,-0.839999
1389,0.12
1390,-2.04
1391,-3.64
1392,-1.04
1393,0.28
1394,-1.2
1395,-1.8
1396,-0.12
1397,-1.28
1398,-1.2
1399,-1.36
1400,0.56
1401,-0.759999
1402,-2.48
1403,-1.4
1404,-0.16
1405,0.44
1406,-0.679999
1407,-2.32
1408,-3.32
1409,-1.92
1410,-8.55999
1411,-1.4
1412,-1.68
1413,-5.08
1414,-1.04
1415,-1.56
1416,-1.6
1417,-0.12
1418,-1.48
1419,-1.8
1420,-0.28
1421,-3.56
1422,0.52
1423,-0.959999
1424,0.16
1425,0.12
1426,-4.04
1427,-2.96
1428,-1.4
1429,-4.6
1430,-1.19209e-07
1431,-3.44
1432,-1.52
1433,-2.04
1434,0.36
1435,-3.44
1436,-1.96
1437,-1.2
1438,0.12
1439,-2.88
1440,-0.44
1441,-3.8
1442,-1.12
1443,-2.4
1444,-3.44
1445,-1.76
1446,0.64
1447,-4.24
1448,-1.04
1449,-0.44
1450,-2.4
1451,-0.52
1452,-1.76
1453,-2.44
1454,-1.76
1455,-0.52
1456,-2.36
1457,-0.16
1458,-1.19209e-07
1459,-0.799999
1460,0.28
1461,0.4
1462,-0.52
1463,-1.08
1464,0.0399998
1465,-2.12
1466,-0.0400001
1467,0.36
1468,-0.08
1469,0.6
1470,0.44
1471,-1.32
1472,-0.2
1473,0.12
1474,-2.2
1475,0.12
1476,-2.16
1477,-2.04
1478,-0.879999
1479,-4.84
1480,-0.919999
1481,0.68
1482,-2.32
1483,-2.24
1484,-1.52
1485,0.72
1486,-2.68
1487,-0.879999
1488,-5.44
1489,0.0799999
1490,-0.16
1491,-0.56
1492,-0.44
1493,0.16
1494,0.12
1495,-0.24
1496,-1.4
1497,0.24
1498,-1.48
1499,0.52
1500,0.12
1501,-0.52
1502,-2.12
1503,-1.88
1504,-1.68
1505,-3.12
1506,0.16
1507,-1.52
1508,0.56
1509,0.12
1510,-0.28
1511,-0.12
1512,0.2
1513,-0.12
1514,0.0399998
1515,0.36
1516,-1.19209e-07
1517,0.44
1518,0.72
1519,0.32
1520,-0.16
1521,0.2
1522,0.44
1523,-0.36
1524,0.16
1525,0.68
1526,0.24
1527,0.56
1528,0.28
1529,-2.92
1530,-0.4
1531,-0.56
1532,0.44
1533,-1.52
1534,-1.19209e-07
1535,0.2
1536,-2.8
1537,0.0399998
1538,0.0799999
1539,0.6
1540,0.44
1541,0.52
1542,0.48
1543,-0.44
1544,-0.0400001
1545,-0.12
1546,0.4
1547,-1.76
1548,0.36
1549,-1.8
1550,-2
1551,0.64
1552,0.44
1553,0.0799999
1554,0.44
1555,-1.24
1556,-1.68
1557,-0.999999
1558,-0.12
1559,-2.24
1560,-0.12
1561,0.52
1562,0.12
1563,-1.08
1564,-1.2
1565,-0.4
1566,-3.04
1567,-1.2
1568,-1.56
1569,-2.8
1570,0.12
1571,-0.679999
1572,0.48
1573,0.68
1574,0.16
1575,-1.76
1576,-0.12
1577,-0.12
1578,0.6
1579,-2.2
1580,0.8
1581,0.36
1582,0.16
1583,-0.12
1584,0.64
1585,-2.88
1586,0.64
1587,-0.0400001
1588,0.48
1589,0.48
1590,0.48
1591,0.56
1592,-1.68
1593,0.36
1594,0.48
1595,0.12
1596,-1.2
1597,-0.719999
1598,0.16
1599,0.72
1600,-0.0400001
1601,0.36
1602,-0.32
1603,0.32
1604,-1.44
1605,-2.36
1606,0.0799999
1607,0.28
1608,0.36
1609,0.12
1610,-0.4
1611,0.2
1612,-0.44
1613,-0.2
1614,-0.24
1615,0.0799999
1616,0.44
1617,0.24
1618,-1.6
1619,-0.2
1620,-0.64
1621,-0.4
1622,-0.4
1623,-1.88
1624,-0.48
1625,-1.04
1626,-1.04
1627,-2.72
1628,-4.04
1629,0.24
1630,0.8
1631,-0.719999
1632,-2.48
1633,-1.2
1634,-0.56
1635,0.24
1636,0.12
1637,-1.8
1638,0.36
1639,0.68
1640,0.64
1641,0.28
1642,-1.08
1643,-2.84
1644,-5.04
1645,-0.24
1646,-1.48
1647,0.52
1648,-1.2
1649,0.52
1650,-0.48
1651,-2.12
1652,0.28
1653,0.24
1654,0.24
1655,0.68
1656,0.52
1657,0.4
1658,-2.08
1659,-0.4
1660,-0.16
1661,0.36
1662,0.16
1663,0.44
1664,0.68
1665,-0.36
1666,-1.36
1667,-2.36
1668,0.2
1669,0.56
1670,-1.36
1671,-1.72
1672,0.36
1673,0.12
1674,0.32
1675,-0.2
1676,-0.48
1677,0.68
1678,0.52
1679,0.24
1680,0.4
1681,0.6
1682,-0.32
1683,-0.48
1684,0.2
1685,0.4
1686,0.24
1687,0.16
1688,-2.52
1689,0.2
1690,0.4
1691,0.52
1692,0.6
1693,0.68
1694,0.56
1695,0.12
1696,0.64
1697,-0.32
1698,0.64
1699,0.44
1700,0.48
1701,-0.2
1702,0.76
1703,0.4
1704,0.0799999
1705,0.4
1706,0.28
1707,-0.64
1708,-1.12
1709,-0.32
1710,-0.08
1711,0.28
1712,0.36
1713,0.16
1714,-0.08
1715,-1.04
1716,0.8
1717,0.2
1718,-1.72
1719,0.36
1720,-2.4
1721,-0.08
1722,-3.08
1723,0.68
1724,-0.799999
1725,0.76
1726,-1.08
1727,-1.08
1728,0.24
1729,0.84
1730,0.68
1731,-1.72
1732,0.8
1733,-0.08
1734,-1.4
1735,0.76
1736,0.68
1737,0.44
1738,0.76
1739,0.84
1740,-0.28
1741,0.52
1742,-0.36
1743,0.84
1744,0.76
1745,-0.32
1746,0.56
1747,0.56
1748,-0.44
1749,0.64
1750,-0.679999
1751,0.6
1752,0.84
1753,0.44
1754,0.48
1755,-0.28
1756,0.72
1757,0.52
1758,-0.679999
1759,0.84
1760,-0.0400001
1761,0.56
1762,0.56
1763,-0.12
1764,0.44
1765,0.2
1766,0.2
1767,0.84
1768,-1.84
1769,0.48
1770,0.76
1771,-0.719999
1772,0.76
1773,0.6
1774,0.76
1775,-1.19209e-07
1776,0.52
1777,-1.12
1778,0.16
1779,0.68
1780,0.48
1781,0.76
1782,0.64
1783,0.0799999
1784,0.0399998
1785,0.6
1786,0.76
1787,0.36
1788,0.64
1789,0.0399998
1790,-4.2
1791,-0.24
1792,-1.56
1793,0.84
1794,0.72
1795,0.4
1796,-0.32
1797,0.48
1798,0.56
1799,0.52
1800,-1.32
1801,-0.959999
1802,0.2
1803,0.4
1804,-1.16
1805,-1.2
1806,0.6
1807,0.72
1808,0.8
1809,0.16
1810,0.12
1811,0.72
1812,-1.24
1813,0.6
1814,-1.24
1815,-0.24
1816,0.64
1817,0.68
1818,-2.32
1819,0.32
1820,0.56
1821,-0.28
1822,0.32
1823,0.76
1824,0.8
1825,0.72
1826,0.52
1827,0.72
1828,0.28
1829,0.8
1830,-0.0400001
1831,0.4
1832,0.6
1833,0.84
1834,0.68
1835,0.6
1836,0.36
1837,0.52
1838,0.52
1839,0.44
1840,0.68
1841,0.56
1842,0.8
1843,0.48
1844,0.32
1845,0.52
1846,0.44
1847,0.0399998
1848,-1.56
1849,0.12
1850,-0.36
1851,-0.08
1852,-1.24
1853,0.64
1854,0.32
1855,0.24
1856,-0.44
1857,0.4
1858,0.36
1859,0.72
1860,0.8
1861,-2.4
1862,0.44
1863,0.12
1864,0.72
1865,0.0399998
1866,0.52
1867,-0.0400001
1868,0.52
1869,0.52
1870,0.72
1871,-1.92
1872,0.48
1873,0.0799999
1874,0.28
1875,-0.4
1876,0.52
1877,-0.999999
1878,0.72
1879,0.76
1880,-0.0400001
1881,0.56
1882,0.44
1883,0.72
1884,-0.799999
1885,0.36
1886,0.32
1887,0.8
1888,0.68
1889,0.72
1890,0.48
1891,0.8
1892,0.68
1893,0.28
1894,-1.52
1895,0.8
1896,0.52
1897,0.84
1898,0.56
1899,0.52
1900,0.4
1901,0.52
1902,0.68
1903,0.84
1904,0.84
1905,0.52
1906,-0.0400001
1907,0.2
1908,-0.36
1909,0.56
1910,0.72
1911,0.52
1912,0.84
1913,0.84
1914,0.44
1915,0.24
1916,0.76
1917,0.48
1918,0.72
1919,0.16
1920,0.32
1921,0.76
1922,-0.08
1923,0.6
1924,-1.56
1925,0.68
1926,0.64
1927,0.64
1928,0.76
1929,0.4
1930,0.64
1931,0.64
1932,-1.2
1933,0.68
1934,0.56
1935,0.72
1936,-1.48
1937,0.68
1938,0.84
1939,0.0399998
1940,0.52
1941,0.6
1942,0.48
1943,0.6
1944,-0.0400001
1945,0.4
1946,0.76
1947,0.4
1948,0.64
1949,-1.44
1950,0.12
1951,0.12
1952,0.84
1953,0.0399998
1954,0.8
1955,0.76
1956,0.8
1957,0.48
1958,0.48
1959,0.64
1960,-0.2
1961,-0.16
1962,0.44
1963,0.68
1964,0.68
1965,-1.6
1966,0.36
1967,0.76
1968,0.0399998
1969,-0.12
1970,0.12
1971,0.24
1972,0.28
1973,0.2
1974,0.76
1975,0.24
1976,-0.6
1977,0.36
1978,0.56
1979,0.76
1980,0.8
1981,0.8
1982,0.2
1983,-1.68
1984,0.76
1985,0.64
1986,0.72
1987,-0.12
1988,-0.919999
1989,0.84
1990,0.72
1991,0.72
1992,0.68
1993,0.52
1994,0.84
1995,-1.19209e-07
1996,0.76
1997,0.84
1998,0.76
1999,0.64
2000,0.8
2001,0.64
2002,0.64
2003,0.2
2004,0.72
2005,0.68
2006,0.8
2007,0.56
2008,0.76
2009,0.84
2010,0.64
2011,0.6
2012,0.44
2013,0.72
2014,0.8
2015,-1.36
2016,0.48
2017,0.48
2018,-0.28
2019,0.16
2020,0.84
2021,0.8
2022,-0.08
2023,0.84
2024,0.84
2025,0.76
2026,0.2
2027,0.64
2028,-0.28
2029,0.72
2030,0.84
2031,0.8
2032,0.76
2033,0.8
2034,0.16
2035,0.6
2036,0.4
2037,0.84
2038,0.8
2039,0.4
2040,0.2
2041,-1.36
2042,0.32
2043,0.72
2044,0.48
2045,0.6
2046,0.72
2047,0.0399998
2048,0.72
2049,0.52
2050,0.48
2051,-1.24
2052,0.4
2053,-1.28
2054,-2.16
2055,0.6
2056,0.76
2057,0.0799999
2058,0.84
2059,0.84
2060,0.8
2061,0.68
2062,0.2
2063,0.4
2064,0.76
2065,-0.719999
2066,0.76
2067,0.64
2068,-1.76
2069,-2.4
2070,0.8
2071,-1.16
2072,0.84
2073,0.72
2074,0.44
2075,0.76
2076,0.52
2077,0.64
2078,0.84
2079,0.76
2080,0.36
2081,0.64
2082,0.84
2083,0.84
2084,0.8
2085,0.48
2086,0.76
2087,0.6
2088,0.8
2089,0.68
2090,-0.44
2091,0.8
2092,0.8
2093,0.24
2094,0.84
2095,0.64
2096,-1.48
2097,0.48
2098,0.28
2099,-0.08
2100,0.32
2101,-2.04
2102,0.36
2103,0.6
2104,0.52
2105,0.6
2106,0.24
2107,0.56
2108,0.8
2109,0.64
2110,0.64
2111,0.76
2112,0.44
2113,0.72
2114,-1.96
2115,0.84
2116,0.68
2117,0.84
2118,0.84
2119,0.64
2120,0.44
2121,0.68
2122,0.8
2123,0.84
2124,-0.6
2125,0.28
2126,0.76
2127,0.36
2128,0.52
2129,0.76
2130,0.44
2131,0.6
2132,0.76
2133,0.84
2134,0.48
2135,0.76
2136,0.76
2137,0.76
2138,0.84
2139,0.76
2140,0.56
2141,0.76
2142,-1.12
2143,-0.36
2144,0.8
2145,0.8
2146,0.84
2147,0.0799999
2148,0.76
2149,0.8
2150,0.56
2151,0.56
2152,0.76
2153,0.8
2154,0.76
2155,0.8
2156,0.84
2157,0.76
2158,-1.19209e-07
2159,0.8
2160,-0.999999
2161,0.84
2162,0.84
2163,0.72
2164,0.8
2165,0.28
2166,0.72
2167,0.72
2168,0.76
2169,0.2
2170,0.8
2171,0.76
2172,0.8
2173,0.64
2174,0.84
2175,0.76
2176,0.76
2177,0.84
2178,-1.12
2179,0.76
2180,0.76
2181,0.84
2182,0.84
2183,0.6
2184,0.72
2185,0.6
2186,0.52
2187,0.8
2188,0.68
2189,0.84
2190,0.84
2191,0.8
2192,0.72
2193,0.8
2194,0.84
2195,0.84
2196,0.56
2197,-0.0400001
2198,0.56
2199,0.84
2200,0.84
2201,0.56
2202,0.24
2203,0.56
2204,0.84
2205,0.52
2206,0.64
2207,0.68
2208,0.8
2209,0.72
2210,0.84
2211,0.72
2212,0.6
2213,0.52
2214,0.4
2215,0.8
2216,0.8
2217,0.64
2218,-1.48
2219,0.76
2220,0.84
2221,0.84
2222,0.84
2223,0.84
2224,0.76
2225,0.32
2226,0.68
2227,0.84
2228,0.28
2229,0.28
2230,0.8
2231,0.72
2232,0.76
2233,0.76
2234,0.76
2235,0.48
2236,-0.839999
2237,0.24
2238,0.48
2239,0.4
2240,-1.16
2241,0.4
2242,0.84
2243,0.48
2244,0.84
2245,0.8
2246,0.6
2247,0.48
2248,-1.92
2249,-0.799999
2250,-1.28
2251,-2.84
2252,-0.2
2253,0.84
2254,0.84
2255,0.72
2256,0.4
2257,0.36
2258,0.52
2259,0.8
2260,0.56
2261,0.24
2262,0.8
2263,0.76
2264,0.72
2265,0.64
2266,0.84
2267,-0.679999
2268,0.84
2269,0.52
2270,0.44
2271,0.8
2272,-1.76
2273,-0.16
2274,0.76
2275,0.64
2276,0.36
2277,0.28
2278,-0.32
2279,0.16
2280,0.8
2281,0.6
2282,0.32
2283,0.76
2284,0.84
2285,0.12
2286,0.8
2287,0.4
2288,0.32
2289,0.72
2290,0.76
2291,0.84
2292,0.84
2293,0.52
2294,0.6
2295,-1.16
2296,0.84
2297,0.8
2298,0.76
2299,0.68
2300,0.72
2301,-0.16
2302,-2.24
2303,0.64
2304,-1.52
2305,-2.24
2306,-1.16
2307,0.76
2308,0.8
2309,-0.719999
2310,0.84
2311,0.84
2312,0.6
2313,0.36
2314,0.56
2315,-0.48
2316,0.64
2317,0.16
2318,0.8
2319,0.72
2320,0.8
2321,0.76
2322,0.52
2323,0.36
2324,0.16
2325,0.0399998
2326,-0.4
2327,-0.44
2328,0.72
2329,0.52
2330,0.52
2331,0.76
2332,0.84
2333,0.8
2334,0.76
2335,0.56
2336,0.6
2337,0.84
2338,-1.4
2339,0.76
2340,0.84
2341,0.52
2342,0.16
2343,0.76
2344,0.84
2345,0.32
2346,0.84
2347,0.6
2348,0.72
2349,-0.2
2350,0.76
2351,0.76
2352,0.72
2353,0.76
2354,-1.28
2355,0.8
2356,0.8
2357,0.8
2358,0.8
2359,0.84
2360,0.84
2361,0.76
2362,0.52
2363,0.8
2364,0.72
2365,0.76
2366,0.84
2367,0.64
2368,0.8
2369,0.6
2370,0.68
2371,0.84
2372,0.6
2373,0.84
2374,0.72
2375,0.84
2376,0.52
2377,0.76
2378,0.72
2379,-1.48
2380,0.68
2381,0.84
2382,0.72
2383,0.84
2384,0.8
2385,0.84
2386,0.8
2387,0.84
2388,0.68
2389,0.84
2390,-2.48
2391,0.32
2392,0.48
2393,0.84
2394,0.84
2395,-0.48
2396,0.8
2397,0.8
2398,0.56
2399,0.84
2400,0.8
2401,0.76
2402,0.84
2403,0.76
2404,0.84
2405,0.24
2406,0.68
2407,0.56
2408,0.76
2409,0.52
2410,-1.19209e-07
2411,0.76
2412,0.76
2413,0.8
2414,0.44
2415,0.68
2416,0.6
2417,0.6
2418,0.68
2419,0.64
2420,-1.28
2421,0.72
2422,0.84
2423,0.16
2424,0.6
2425,0.84
2426,0.6
2427,0.8
2428,0.6
2429,0.8
2430,-1.28
2431,0.52
2432,0.76
2433,0.76
2434,-1.19209e-07
2435,-2.36
2436,0.6
2437,0.68
2438,0.84
2439,0.84
2440,0.48
2441,0.8
2442,0.68
2443,0.84
2444,0.84
2445,0.76
2446,0.8
2447,0.84
2448,-1.24
2449,0.6
2450,0.84
2451,0.68
2452,0.64
2453,0.84
2454,-1.4
2455,0.8
2456,0.84
2457,0.8
2458,0.8
2459,0.72
2460,0.8
2461,0.64
2462,0.72
2463,-0.32
2464,0.84
2465,0.6
2466,0.16
2467,0.8
2468,0.48
2469,0.8
2470,0.72
2471,0.8
2472,0.8
2473,-0.6
2474,0.56
2475,0.64
2476,0.68
2477,0.68
2478,0.24
2479,0.8
2480,0.8
2481,0.84
2482,0.8
2483,0.8
2484,0.6
2485,0.84
2486,0.12
2487,0.84
2488,0.8
2489,0.72
2490,0.68
2491,0.8
2492,0.56
2493,0.64
2494,0.24
2495,0.48
2496,0.12
2497,0.52
2498,-0.24
2499,0.56
2500,0.4
2501,0.8
2502,0.48
2503,0.8
2504,0.64
2505,0.8
2506,0.48
2507,0.84
2508,0.84
2509,-0.52
2510,0.84
2511,0.84
2512,-1.2
2513,0.84
2514,0.84
2515,0.84
2516,0.84
2517,0.84
2518,0.6
2519,0.84
2520,0.8
2521,0.8
2522,0.84
2523,-0.2
2524,0.72
2525,-0.2
2526,0.68
2527,0.8
2528,0.6
2529,0.76
2530,0.72
2531,0.8
2532,0.8
2533,0.84
2534,0.76
2535,-0.36
2536,0.84
2537,0.0399998
2538,0.68
2539,0.84
2540,0.8
2541,0.0799999
2542,0.84
2543,0.72
2544,0.76
2545,0.76
2546,0.84
2547,0.4
2548,0.84
2549,0.8
2550,0.84
2551,0.32
2552,0.44
2553,0.36
2554,0.68
2555,0.76
2556,0.16
2557,0.64
2558,0.76
2559,-1.28
2560,0.44
2561,0.84
2562,0.84
2563,0.76
2564,0.32
2565,0.84
2566,0.2
2567,-1.36
2568,0.8
2569,0.68
2570,0.16
2571,0.68
2572,0.76
2573,0.84
2574,0.84
2575,0.76
2576,-1.72
2577,0.84
2578,0.84
2579,0.84
2580,0.84
2581,0.76
2582,0.8
2583,0.64
2584,0.72
2585,0.28
2586,0.8
2587,0.56
2588,0.84
2589,-1.68
2590,0.72
2591,0.76
2592,0.6
2593,0.68
2594,-2.04
2595,-1.44
2596,0.8
2597,0.76
2598,0.84
2599,0.84
2600,0.84
2601,0.84
2602,0.8
2603,0.84
2604,0.84
2605,0.8
2606,0.76
2607,0.8
2608,0.8
2609,0.76
2610,0.84
2611,0.76
2612,0.56
2613,0.8
2614,0.8
2615,0.84
2616,-1.72
2617,0.84
2618,0.76
2619,0.84
2620,0.84
2621,0.76
2622,0.84
2623,0.6
2624,-1.24
2625,0.76
2626,-1.36
2627,0.6
2628,-1.19209e-07
2629,0.8
2630,0.76
2631,0.72
2632,0.76
2633,0.8
2634,0.84
2635,0.8
2636,0.8
2637,0.72
2638,0.84
2639,-1.48
2640,-1.76
2641,0.8
2642,0.56
2643,0.0799999
2644,-0.12
2645,0.84
2646,0.76
2647,0.56
2648,0.8
2649,0.84
2650,0.8
2651,0.84
2652,0.2
2653,0.76
2654,0.56
2655,-0.08
2656,0.76
2657,0.72
2658,0.76
2659,0.84
2660,-1.6
2661,0.8
2662,0.72
2663,0.72
2664,-0.56
2665,0.8
2666,0.72
2667,0.84
2668,-0.48
2669,0.72
2670,0.8
2671,0.76
2672,-0.0400001
2673,0.76
2674,0.56
2675,0.72
2676,0.6
2677,0.8
2678,0.68
2679,0.64
2680,0.84
2681,0.6
2682,0.84
2683,0.72
2684,0.76
2685,0.44
2686,-1.52
2687,0.76
2688,0.84
2689,0.84
2690,0.8
2691,0.84
2692,0.84
2693,0.84
2694,0.8
2695,0.84
2696,0.84
2697,0.16
2698,0.76
2699,0.76
2700,0.28
2701,0.8
2702,0.8
2703,0.56
2704,0.8
2705,0.64
2706,0.84
2707,0.8
2708,0.76
2709,0.8
2710,0.84
2711,0.72
2712,0.8
2713,0.84
2714,0.76
2715,0.8
2716,0.8
2717,0.84
2718,-1.8
2719,0.64
2720,0.8
2721,0.84
2722,0.8
2723,0.84
2724,0.72
2725,0.84
2726,0.84
2727,0.72
2728,0.56
2729,0.8
2730,0.72
2731,0.8
2732,0.84
2733,0.8
2734,0.76
2735,0.8
2736,0.8
2737,0.8
2738,0.84
2739,0.84
2740,0.84
2741,0.8
2742,0.8
2743,0.84
2744,0.72
2745,0.8
2746,0.8
2747,0.8
2748,0.76
2749,0.76
2750,0.76
2751,0.8
2752,0.84
2753,0.6
2754,0.76
2755,0.8
2756,0.76
2757,0.8
2758,0.84
2759,0.8
2760,-1.32
2761,0.84
2762,0.84
2763,0.84
2764,0.72
2765,0.76
2766,0.6
2767,0.76
2768,0.68
2769,0.84
2770,0.72
2771,0.84
2772,0.84
2773,0.84
2774,0.72
2775,0.76
2776,0.8
2777,0.84
2778,0.84
2779,0.8
2780,0.84
2781,0.48
2782,0.84
2783,0.76
2784,0.84
2785,0.68
2786,0.8
2787,0.84
2788,0.72
2789,0.6
2790,0.8
2791,0.76
2792,-1.19209e-07
2793,0.84
2794,0.84
2795,0.6
2796,0.8
2797,0.8
2798,0.6
2799,0.8
2800,0.72
2801,0.84
2802,0.36
2803,0.84
2804,0.76
2805,0.84
2806,0.6
2807,0.84
2808,0.8
2809,0.76
2810,0.84
2811,0.8
2812,0.72
2813,0.8
2814,0.76
2815,0.84
2816,0.52
2817,0.72
2818,0.72
2819,0.68
2820,0.64
2821,0.8
2822,0.6
2823,0.72
2824,0.8
2825,0.4
2826,0.68
2827,0.84
2828,0.48
2829,0.76
2830,0.52
2831,0.76
2832,0.84
2833,0.8
2834,0.8
2835,0.76
2836,0.48
2837,0.72
2838,0.72
2839,-1.6
2840,0.6
2841,0.8
2842,0.6
2843,0.68
2844,0.52
2845,0.84
2846,0.48
2847,0.44
2848,0.84
2849,0.8
2850,0.76
2851,0.84
2852,0.76
2853,0.84
2854,0.84
2855,0.8
2856,0.68
2857,0.84
2858,0.52
2859,0.76
2860,0.84
2861,0.76
2862,0.8
2863,0.72
2864,0.36
2865,-0.08
2866,0.44
2867,0.76
2868,0.84
2869,0.44
2870,0.76
2871,0.8
2872,0.72
2873,0.68
2874,0.84
2875,0.76
2876,0.76
2877,0.84
2878,0.64
2879,0.84
2880,0.64
2881,0.84
2882,0.84
2883,0.76
2884,0.84
2885,0.84
2886,0.8
2887,0.72
2888,0.6
2889,0.8
2890,0.84
2891,0.84
2892,0.72
2893,0.76
2894,0.84
2895,0.6
2896,0.84
2897,0.4
2898,-0.2
2899,0.44
2900,0.76
2901,0.8
2902,0.84
2903,0.8
2904,0.48
2905,0.16
2906,-0.799999
2907,0.84
2908,0.8
2909,0.76
2910,0.8
2911,0.84
2912,0.72
2913,0.72
2914,0.76
2915,0.72
2916,-1.2
2917,0.52
2918,0.84
2919,0.72
2920,0.84
2921,0.84
2922,0.72
2923,-0.28
2924,0.64
2925,0.72
2926,0.52
2927,0.84
2928,0.8
2929,0.8
2930,0.84
2931,0.72
2932,0.8
2933,0.72
2934,0.8
2935,0.84
2936,0.68
2937,0.84
2938,0.84
2939,0.28
2940,0.4
2941,0.72
2942,0.76
2943,0.76
2944,0.84
2945,0.56
2946,-1.4
2947,0.76
2948,0.72
2949,0.72
2950,0.8
2951,0.72
2952,0.8
2953,0.8
2954,0.64
2955,0.72
2956,0.84
2957,-1.24
2958,0.84
2959,0.8
2960,0.84
2961,0.8
2962,0.6
2963,0.76
2964,0.76
2965,0.84
2966,0.84
2967,-1.44
2968,0.76
2969,0.44
2970,0.72
2971,0.72
2972,0.68
2973,0.8
2974,0.56
2975,0.76
2976,0.68
2977,0.44
2978,0.76
2979,0.8
2980,0.52
2981,0.6
2982,0.84
2983,0.72
2984,0.84
2985,0.84
2986,0.76
2987,0.8
2988,0.84
2989,0.84
2990,0.72
2991,0.84
2992,0.84
2993,0.84
2994,0.8
2995,0.8
2996,0.8
2997,0.8
2998,0.68
2999,0.76
